source,architecture,prompt_level,n_conversations,CED,min_distance,max_distance,condition
LLM,C1,P0,50,0.4365951022938605,0.30722789000574036,0.6511712740098665,C1-P0
LLM,C2,P0,50,0.4277660600763574,0.3061460297348736,0.690867994922015,C2-P0
LLM,C3,P0,50,0.41787835833303416,0.28545372416599657,0.6024533869476779,C3-P0
LLM,C4,P0,50,0.4144186896936785,0.3119670561372787,0.6306250860904852,C4-P0
SB,SB,SB,50,0.18150716563795885,0.09253497621484919,0.4020233607694441,SB
