condition,source,architecture,prompt_level,n_conversations,mean_ADI,mean_social_rate,mean_topic_health,mean_reciprocity,mean_TSI_proxy,mean_CAS
C1-P0,LLM,C1,P0,50,0.1538399142497141,1.0132166728652188,0.5901471338708474,0.8354425173210003,85.03951131588376,0.07590087556661043
C2-P0,LLM,C2,P0,50,0.593125,0.64625,0.78625,0.79625,64.346875,0.39735605406395724
C3-P0,LLM,C3,P0,50,0.22125,0.5490625,0.4425,0.855,69.3796875,0.24400004821156193
C4-P0,LLM,C4,P0,50,0.145,0.4071875,0.29875,0.81625,64.7859375,0.072411575591915
SB,SB,SB,SB,50,0.05318345201633247,1.052938388050387,-0.3567923482941356,0.8566960716602153,80.37666941460816,0.001716073239461832
