label_set,sample_size,repetitions,seed,mean_jsd,p95_jsd
fine,50,1000,20260714,0.0021557118,0.0037200276
coarse,50,1000,20260714,0.0008772607,0.0021129321
